PMID,Answer
36466927,"
Answer: 
[3, 'The title discusses the development of antitoxins AH3 and AA6 against the virulence factors TcdA and TcdB in Clostridioides difficile infections, and the potential for epitope-focused vaccine development based on the structures of these antitoxins.']"
36439832,"
Answer: [2, 'The paper discusses new treatments for Clostridioides difficile infection (CDI) by investigating the role of PPAR-γ as a potential therapeutic target. It also explores the use of the PPAR-γ agonist, pioglitazone, to activate PPAR-γ activity and improve the phenotypes of CDI.']"
36439215,"
Answer: 
4. The paper discusses the impact of different types of dietary fiber on Clostridioides difficile infection (CDI) in mice. It focuses on the effects of fermentable fibers, such as inulin or pectin, compared to the insoluble fiber cellulose on the disease outcomes and the microbial community. The study identifies pectin as a dietary fiber that can protect intestinal epithelial permeability, increase microbiome diversity, and decrease inflammation markers in serum and colonic tissues. The paper also explores the aryl hydrocarbon receptor (AhR) pathway as a mechanism through which pectin exerts its effects. This topic does not directly relate to antimicrobial resistance, new treatments, or vaccination, so it falls under the miscellaneous category."
36312948,"

Answer: 
4. This paper does not directly discuss antimicrobial resistance, new treatments, or vaccination. Instead, it focuses on the identification and characterization of a phage receptor-binding protein (RBP) in Clostridioides difficile. While the paper touches on the potential implications for phage engineering and phage therapy, the primary focus is on the molecular biology of the RBP, which is why it falls into the miscellaneous category (4)."
35042668,"
Answer: 1. Papers related to Antimicrobial Resistance

Justification: The paper discusses the incidence of Clostridioides difficile infections (CDIs) and the identification of fluoroquinolone (FQ)-resistant mutations in certain ribotypes. The study of antimicrobial resistance is a central theme in this paper, making it most appropriate for category 1."
36093337,"

1. Papers related to Antimicrobial Resistance:

   - The paper discusses the antibiotic susceptibility testing of Clostridioides difficile isolates, identifying resistance to erythromycin, gentamicin, and clindamycin, and annotating resistant genes related to macrolide, glycopeptide, and fluoroquinolone resistance. Additionally, 77.55% of the strains were considered multi-drug resistant (MDR). This research directly focuses on antimicrobial resistance, making it appropriate for category 1."
36026500,"

Based on the provided descriptions, the title of the paper can be classified into the following category:

4. For miscellaneous topics, which include other aspects related to Neisseria gonorrhoeae and antimicrobial resistance.

Justification: The paper discusses the epidemiology, genotypic and phenotypic characterization of Clostridioides (Clostridium) difficile infection (CDI) strains, which is a topic related to antimicrobial resistance, but it does not specifically focus on new treatments or vaccination. Therefore, it falls under the miscellaneous category."
35939437,"

Based on the provided descriptions, the title of the paper can be classified into the following category:

4. For miscellaneous topics, which include other aspects related to Neisseria gonorrhoeae and antimicrobial resistance.

Justification: The paper discusses the epidemiology, genotypic and phenotypic characterization of Clostridioides (Clostridium) difficile infection (CDI) strains, which is a topic related to antimicrobial resistance, but it does not specifically focus on new treatments or vaccination. Therefore, it falls under the miscellaneous category."
33958010,"

Answer: 
[1, 'The title discusses the association between antibiotic use and hospital-onset Clostridioides difficile infection (HO-CDI), which is a form of antimicrobial resistance.']"
35942219,"
Answer: [1] This paper falls into the category of Antimicrobial Resistance because it discusses the high relapse rate and increasing drug resistance of Clostridium difficile infection (CDI) and investigates new agents against C. difficile."
35873420,"

Based on the provided descriptions, the title of the paper seems to fall under category 2, ""papers discussing New Treatments"". This is because the paper discusses the effects of a specific blend of five human milk oligosaccharides (HMOs) in infant formula, which supports the development of the intestinal immune system and gut barrier function, shifts the gut microbiome closer to that of breastfed infants, and results in higher bifidobacteria, particularly B. infantis, and lower toxigenic Clostridioides difficile. This suggests that the HMO blend could potentially be a new treatment or approach for improving infant health and development."
35844586,"

Based on the title provided, the paper falls into category 3, 'for papers on Vaccination'. The title clearly indicates the development of a novel multi-epitope vaccine against Clostridium difficile, which directly relates to vaccination."
35217192,"

Based on the title provided, the paper would fall under category 4: miscellaneous topics. The title does not explicitly discuss antimicrobial resistance, new treatments, or vaccination. Instead, it focuses on the virulence factors of Clostridioides difficile, which is a broader topic not specifically covered by the other categories."
35125203,"

Answer: [1] This paper falls into the category of Antimicrobial Resistance because it discusses the resistance of Clostridioides difficile to certain antibiotics. The paper mentions that 50.6% of the isolates showed resistance to at least one agent, and 13.3% of the resistant isolates showed multidrug resistance. This focus on antibiotic resistance aligns with category 1."
34085620,"

1. Papers related to Antimicrobial Resistance:

The title of the paper clearly falls under this category. The paper analyzes 2017 healthcare facility-onset (HO) vancomycin-resistant Enterococcus (VRE) bacteremia data to identify hospital-level factors that were significant predictors of HO-VRE. The development of a risk-adjusted model to calculate the number of predicted HO-VRE bacteremia events in a facility also relates to antimicrobial resistance. The paper's focus on VRE bacteremia, a type of antimicrobial resistance, further supports this categorization."
35677311,"

1. Papers related to Antimicrobial Resistance:
   - The title discusses the rise in antibiotic resistance, specifically in the context of Clostridium difficile (C. difficile) infections due to overuse of antibiotics. This directly relates to antimicrobial resistance, making it appropriate for category 1.

2. Papers discussing New Treatments:
   - The title presents a case report of a successful treatment of a pediatric C. difficile infection using naturopathic and complementary alternative medicines (CAMs) including black seed oil, bentonite clay, and probiotics. This novel approach to treating C. difficile infections classifies this title as a new treatment discussion, making it appropriate for category 2."
35720363,"
Answer:
                                                3. This paper is about the design of a multi-epitope vaccine for Clostridium difficile infection (CDI). It discusses the selection of target proteins, epitope selection, addition of an adjuvant, and prediction of the vaccine's two- and three-dimensional structures. The paper also includes immune stimulation and population coverage studies. Therefore, it falls into the category of vaccination.
                                               
(Note: The paper does not mention Neisseria gonorrhoeae or antimicrobial resistance, so it does not fit into categories 1 or 4. It also does not discuss new treatments, so it does not fit into category 2.)"
35078721,"

Based on the provided descriptions, the title of the paper can be classified into category 1:

1. Papers related to Antimicrobial Resistance

Justification: The paper discusses the isolation of a strain of Clostridioides difficile that only produces toxin B and lacks a complete tcdA gene. The patient from whom the strain was isolated was treated with meropenem, an antibiotic. The paper highlights the potential for false negatives in genetic methods for diagnosing C. difficile infections, which could have implications for antimicrobial resistance and treatment."
35469152,"

Answer: [2, 'The paper discusses the development and analysis of two monoclonal antibodies (mAbs) targeting Clostridium difficile toxin, which is a significant cause of hospital-acquired diarrhea and pseudomembranous colitis. The functional studies of these mAbs in vitro and in vivo suggest a new treatment approach.']"
35104667,"

Based on the provided description, the title of the paper can be classified into category 1: 'Papers related to Antimicrobial Resistance'. The justification for this categorization is that the paper discusses the increasing incidence rates of Clostridium difficile infection (CDI) and outbreaks of emerging strains, which implies a concern about antimicrobial resistance. The study also focuses on the monitoring and surveillance of CDI in Australia, further supporting the classification of this paper into the antimicrobial resistance category."
35175750,"
Answer:
[1, 'The paper discusses a novel dual-targeted antibacterial agent, TNP-2198, designed to treat microaerophilic and anaerobic bacterial infections. This directly relates to antimicrobial resistance as the agent is designed to combat strains resistant to both rifamycins and nitroimidazoles.']
[2, 'The paper introduces TNP-2198, a new dual-targeted antibacterial agent currently in Phase 2 clinical development for treating Helicobacter pylori infection, Clostridioides difficile infection, and bacterial vaginosis, which falls under new treatments.']"
35360652,"

Based on the provided descriptions, the title of the paper can be classified as follows:

1. Papers related to Antimicrobial Resistance: The paper primarily focuses on the antimicrobial resistance of Clostridioides difficile strains. It discusses the susceptibility of the isolates to various antibiotics and identifies multidrug-resistant isolates. It also explores the correlation between resistant genotypes and phenotypes.

The classification is based on the paper's focus on antimicrobial resistance, the identification of resistant isolates, and the examination of the correlation between genotypes and phenotypes of resistance."
35252669,"

Answer: [1] This paper falls under the category of Antimicrobial Resistance. The title clearly discusses the colonization of the gastrointestinal tract with pathogenic bacteria, which is a significant factor in the development of severe healthcare-associated infections. The paper also mentions the development of antimicrobial compounds to target these bacteria, but the focus is on the resistance of these bacteria to current decolonization agents."
34875405,"

1. Papers related to Antimicrobial Resistance:
   - The paper discusses the use of levofloxacin for bacteremia prophylaxis and its impact on the incidence of multidrug-resistant organisms (MDRO). This is directly related to antimicrobial resistance.

2. Papers discussing New Treatments:
   - The paper does not discuss new treatments, but rather evaluates the safety and efficacy of an existing treatment (levofloxacin prophylaxis) in a specific patient population. Therefore, it does not fit into this category.

3. For papers on Vaccination:
   - The paper does not discuss vaccination, so it does not fit into this category.

4. For miscellaneous topics:
   - While the paper discusses antimicrobial resistance, it does not specifically focus on Neisseria gonorrhoeae. Therefore, it does not quite fit into the miscellaneous category as described."
35283831,"

Based on the provided descriptions, the title of the paper can be classified into the following category:

3. For papers on Vaccination: The paper discusses the importance of antibodies in response to Clostridioides difficile (C. difficile) infection, particularly anti-TcdB antibodies, which correlate with toxin neutralization. It also suggests that alternative sensitization strategies, such as vaccine development, are required to overcome the regular low-titer antibody production following natural intestinal C. difficile exposure. This focus on antibodies and vaccine development aligns with category 3."
35107319,"

The title of the paper: 'Bacteriophages represent a promising option for the treatment of Clostridioides difficile (formerly Clostridium difficile) infection (CDI), which at present relies on conventional antibiotic therapy. The specificity of bacteriophages should prevent dysbiosis of the colonic microbiota associated with antibiotic treatment of CDI. While numerous phages have been isolated, none have been characterized with broad host range activity toward PCR ribotype (RT) 078 strains, despite their relevance to medicine and agriculture. In this study, we isolated four novel C. difficile myoviruses: ΦCD08011, ΦCD418, ΦCD1801, and ΦCD2301. Their characterization revealed that each was comparable with other C. difficile phages described in the literature, with the exception of ΦCD1801, which exhibited broad host range activity toward RT 078, infecting 15/16 (93.8%) of the isolates tested. In order for wild-type phages to be exploited in the effective treatment of CDI, an optimal phage cocktail must be assembled that provides broad coverage against all C. difficile RTs. We conducted experiments to support previous findings suggesting that SlpA, a constituent of the C. difficile surface layer (S-layer) is the likely phage receptor. Through interpretation of phage-binding assays, our data suggested that ΦCD1801 could bind to an RT 012 strain only in the presence of a plasmid-borne S-layer cassette corresponding to the slpA allele found in RT 078. Armed with this information, efforts should be directed toward the isolation of phages with broad host range activity toward defined S-layer cassette types, which could form the basis of an effective phage cocktail for the treatment of CDI. IMPORTANCE Research into phage therapy has seen a resurgence in recent years owing to growing concerns regarding antimicrobial resistance. Phage research for potential therapy against Clostridioides difficile infection (CDI) is in its infancy, where an optimal ""one size fits all"" phage cock"
34612703,"

1. Category 1: The paper is related to Antimicrobial Resistance. The study investigates the impact of broad-spectrum antibiotic agents, specifically piperacillin-tazobactam, on patient outcomes in Gustilo grade III open fractures. The findings suggest that broad-spectrum antibiotic prophylaxis may not be warranted, contributing to the discourse on antimicrobial resistance."
35090351,"

Answer:
1. Papers related to Antimicrobial Resistance:
   The paper discusses the issue of recurrence in Clostridioides difficile infection (CDI), which is greater in immunocompromised patients. The study then reports an institutional guideline targeting high-risk immunocompromised patients, comparing the outcomes of patients who received the standard of care (SoC) plus or minus bezlotoxumab. The primary endpoint is the recurrence of CDI within 12 weeks. Antimicrobial resistance is a significant concern in CDI, and the study addresses this issue by evaluating the effectiveness of bezlotoxumab in reducing recurrent CDI.

Therefore, the title is classified under category 1, as it is directly related to antimicrobial resistance in CDI."
35095921,"

Based on the provided description, the title of the paper can be classified into category 3, which is for papers on Vaccination. The paper discusses the use of different adjuvant combinations in a murine Clostridioides difficile immunization and challenge model, and the effects of these combinations on the immune response, specifically on NKT cells and isotype switch to produce Th1-driven IgG subclasses. This clearly falls under the category of vaccination research."
35016207,"

1. Papers related to Antimicrobial Resistance:
   - The provided paper title clearly falls under this category. The research is focused on determining whether vancomycin nonsusceptible Clostridioides difficile strains are circulating in the patient population. The study identifies and analyzes the presence of vancomycin and metronidazole nonsusceptible C. difficile strains in patient stool samples from two different locations. The findings indicate a significant presence of these strains, which poses a serious therapeutic challenge due to the potential spread of strains resistant to vancomycin, a first-line antibiotic for CDI. Therefore, the title is appropriately classified under category 1."
34991700,"

Answer:

1. Papers related to Antimicrobial Resistance:
   - The title discusses the antibiotic Fidaxomicin and its resistance in C. difficile. It also introduces Myxopyronin B as a potential alternative for treating C. difficile infections, which is significant in the context of antimicrobial resistance.

Justification: The title directly addresses antimicrobial resistance by discussing a Fidaxomicin-resistant C. difficile strain and proposing Myxopyronin B as a new lead structure for the design of novel antibiotics. This focus on resistance and alternative treatments aligns with category 1."
34107037,"

Based on the title and content provided, the paper would fall under category 1: 'Papers related to Antimicrobial Resistance'. The paper discusses the distribution and transmission dynamics of Clostridioides difficile strains, which is a type of bacteria known to develop antimicrobial resistance. The study uses whole-genome sequencing to identify predominant multilocus sequence types (MLSTs) in community-associated (CA) and healthcare-associated (HCA) disease, further emphasizing its relevance to antimicrobial resistance."
36045589,"

Based on the provided title, the paper can be classified into category 2, 'papers discussing New Treatments'. The title clearly discusses the use and efficacy of bezlotoxumab, a monoclonal TcdB therapeutic, in preventing toxin-mediated systemic disease complications in Clostridioides difficile infections. This focus on a new treatment approach for managing C. difficile infections aligns with the criteria for category 2."
35157277,"

Based on the title and content provided, I would classify the paper into category 4: miscellaneous topics. This is because, while the paper does discuss antibodies and their interaction with a specific toxin produced by Clostridioides difficile, it does not specifically focus on antimicrobial resistance, new treatments, or vaccination. Instead, it presents a method for affinity maturation of single-domain antibodies, which is a more general topic that could be applied to various areas of research."
35036247,"

Based on the provided description, the title of the paper can be classified into the following category:

2.  New Treatments: The paper discusses an experimental therapy using Manuka honey via colon lavage to treat therapy-resistant Clostridioides difficile infection. This is a new treatment approach that has shown promising results, indicating the need for more clinical research."
35008521,"

Answer: [1, 'The paper discusses the antibiotic resistance of certain gram-positive bacteria to teicoplanin and vancomycin, and proposes a new ligand to inhibit this resistance.']"
34837818,"

Based on the title provided, I would classify it into category 1: papers related to Antimicrobial Resistance. The title clearly discusses the identification and study of inhibitors for C. difficile spores, which is a form of antimicrobial resistance. The research involves the creation and testing of amide analogs of various bile salts to find effective inhibitors, which directly relates to the study of antimicrobial resistance."
34955836,"

Based on the provided descriptions, the title of the paper can be classified into the following category:

2.  New Treatments

Justification: The paper discusses the potential of dietary supplementation with soluble NSP from plantain as a new treatment for Clostridioides difficile infection (CDI) and antibiotic-associated diarrhoea. It provides evidence that plantain soluble dietary fibre may be therapeutically effective in preventing adhesion of C. difficile to the mucosa and diminishing its epithelial impact, suggesting its potential as a novel treatment strategy."
34790963,"

Based on the provided descriptions, the title of the paper can be classified into category 2: 'Papers discussing New Treatments'. This is because the paper discusses a new administration protocol for piperacillin/tazobactam (PIP/TAZ) in response to a national drug shortage. The study compares the outcomes of continuous to prolonged infusions of PIP/TAZ, which can be considered a new treatment strategy."
34775130,"
Answer: [1, 'The paper discusses the effectiveness of meropenem/vaborbactam (MVB) in the treatment of carbapenem-resistant Enterobacterales (CRE) infections, which is a topic related to antimicrobial resistance.']"
33682630,"
Answer: [1] This paper falls into the category of Antimicrobial Resistance because it discusses the predominant antibiotic-associated enteropathogen Clostridioides difficile and investigates the genomic features of new ribotype strains associated with diarrhoea or pseudomembranous colitis in patients worldwide. The study also compares sporulation, spore germination, toxin expression, flagellar characteristics, and adhesion among these strains, which are all factors related to antimicrobial resistance."
34835068,"

Answer: [2, 'The paper discusses a new treatment for Clostridioides difficile infection by analyzing the infection of a specific siphovirus, CDHS-1, on a ribotype 027 strain, R20291. It also explores the potential of this phage as a therapy.']"
34023223,"

Based on the provided descriptions, the title of the paper can be classified into the following category:

1. Papers related to Antimicrobial Resistance

Justification: The paper discusses the management of Clostridioides difficile infection (CDI) using two antibiotics, metronidazole (MNZ) and vancomycin (VCM). It investigates the response rate, relapse rate, and adverse reaction rate of these treatments according to the disease severity. The paper also highlights the importance of appropriate antibiotic use to prevent antimicrobial resistance. Therefore, it is relevant to the category of antimicrobial resistance."
36168487,"

1. Papers related to Antimicrobial Resistance:
   - The title does not directly discuss antimicrobial resistance. It focuses on the comparison of two treatments for CDI, but it does not mention any resistance to these treatments.

2. Papers discussing New Treatments:
   - The title discusses a comparison between two treatments for CDI, initial vancomycin and initial metronidazole. The study aims to evaluate the use of these treatments, which suggests that it is discussing new treatments.

3. For papers on Vaccination:
   - The title does not mention vaccination, so it does not fit into this category.

4. For miscellaneous topics:
   - The title does not mention Neisseria gonorrhoeae, so it does not fit into this category.

Based on the provided descriptions, the title fits best into category 2, ""Papers discussing New Treatments"", because it compares the use of initial vancomycin versus initial metronidazole for first-episode non-severe CDI."
34097471,"

Based on the provided title, the paper can be classified into category 3, which is for papers on Vaccination. The title clearly mentions immunization, immunogens, and passive transfer of monoclonal antibodies, all of which are related to vaccination. The study is testing a vaccine against Clostridioides difficile infection, which further supports this categorization."
34516580,"

Answer: [2, 'The paper discusses a new treatment approach for C. difficile infections using a novel antimicrobial peptide, CM-A.']"
34496836,"

Based on the provided descriptions, the title of the paper can be classified into the following category:

2.  papers discussing New Treatments

Justification: The paper discusses the use of Bezlotoxumab, a new monoclonal antibody, for the prevention of Clostridioides difficile infection (CDI). The study conducts a budget impact analysis to evaluate potential cost savings per case from the German hospital management perspective. This clearly falls under the category of discussing new treatments."
34496003,"

Answer: 
[4, 
This paper does not directly discuss antimicrobial resistance, new treatments, or vaccination. Instead, it focuses on the role of specific proteins in the spore formation and resistance of Clostridioides difficile, which can be categorized as a miscellaneous topic. The research provides new insights into the function of SASPs in C. difficile, contributing to the broader understanding of this pathogen and its behavior.]"
34659541,"

Based on the title and description provided, this paper would fall into category 2: New Treatments. The paper discusses the use of fecal microbiota transplantation (FMT) as a treatment for recurrent Clostridioides difficile infection (rCDI) in cancer patients, a group that has limited treatment options and often responds poorly to standard oral antibiotics. The paper presents the authors' experience and data on the safety and efficacy of this treatment, making it a clear fit for the 'New Treatments' category."
34492076,"

Based on the provided descriptions, the title of the paper falls into category 2: New Treatments. The paper discusses the development and examination of a new potential therapeutic agent, Raja 42, against Clostridioides difficile infections that are resistant to metronidazole or vancomycin. This focus on a new treatment aligns with the criteria for category 2."
